{"hifi_mean_qv":41.400000000000006,"hifi_mean_read_length":10419,"number_hifi_reads":5557495,"q30_base_percentage":95.60000000000001,"version":"3"}
